Sector,Ticker,Company,CapTier,SubIndustry,MarketCap_B,Price,PE,EPS,DayChange_%,Week52_Low,Week52_High,Volume,AvgVolume,Vol_vs_AvgVol_%
Communication Services,META,Meta Platforms,Mega,Social media/digital ads,1400.86,555.39,20.93,26.55,1,520.26,790.8,5095001,18572853,27.4
Communication Services,NFLX,Netflix,Large,Streaming video,331.41,80.1,25.18,3.1,0.64,65.08,126.71,8058180,42938953,18.8
Communication Services,TMUS,T-Mobile US,Large,Telecom,196.34,183.95,19.26,9.58,0.5,165.66,258.66,989933,5288043,18.7
Communication Services,DIS,Walt Disney,Large,Diversified media/parks/streaming,187.13,110.02,22.68,6.37,2.08,92.19,119.78,5743350,10531840,54.5
Communication Services,SPOT,Spotify,Large,Audio streaming,109.72,535.04,32.37,16.06,0.25,405,745,360301,1898443,19
Communication Services,TTWO,Take-Two Interactive,Mid,Video game publisher,44.8,239.43,-138.39,4.1,-0.08,187.63,265.94,747509,2491348,30
Communication Services,LYV,Live Nation Entertainment,Mid,Live entertainment/ticketing,42.31,185.38,-165.52,-1.13,1.96,125.34,189.25,393733,2294940,17.2
Communication Services,RDDT,Reddit,Mid,Social platform + AI data licensing,29.5,152.42,35.46,3.5,-0.57,119.27,282.95,1358050,6034601,22.5
Communication Services,MTCH,Match Group,Micro,Online dating,9.53,41.4,14.86,3.07,1.3,28.81,41.51,772464,3242011,23.8
Communication Services,IMAX,IMAX Corporation,Micro,Cinema technology,2.89,55.35,76.08,1.48,4.96,27,55.4,373716,1271845,29.4
Consumer Discretionary,AMZN,Amazon,Mega,E-commerce/cloud,2782.11,262.79,21.17,12.43,1.61,196,287.2,13313094,50072303,26.6
Consumer Discretionary,TSLA,Tesla,Mega,EV/auto,1433.13,356.03,329.65,1.74,-1.88,297.38,498.83,17934153,42057875,42.6
Consumer Discretionary,HD,Home Depot,Large,Home improvement retail,334.64,337.97,23.61,14.57,0.7,289.1,426.75,1018809,4514796,22.6
Consumer Discretionary,MCD,McDonald's,Large,Quick-service restaurants,192.51,272.9,22.19,12.55,0.72,260.96,341.75,1289275,4596522,28
Consumer Discretionary,BKNG,Booking Holdings,Large,Online travel agency,162.43,213.8,23.74,9.61,1.99,150.14,230.98,1536273,7018661,21.9
Consumer Discretionary,ABNB,Airbnb,Large,Alternative lodging platform,111.17,192.09,43.9,4.4,2.55,110.81,193.45,2926261,4223717,69.3
Consumer Discretionary,CVNA,Carvana,Mid,Used-car e-commerce,76.65,71.51,33.16,1.81,2.3,54.46,97.38,3251138,10801879,30.1
Consumer Discretionary,NKE,Nike,Mid,Athletic apparel/footwear,60.32,40.91,19.49,2.09,0.38,38.86,80.17,6547578,24291377,27
Consumer Discretionary,ULTA,Ulta Beauty,Mid,Beauty retail,22.42,536.86,20.06,26.67,2.95,443.6,714.97,197117,726930,27.1
Consumer Discretionary,FIVE,Five Below,Micro,Discount variety retail,13.84,256.96,32.48,8.02,2.69,137.77,258.46,369115,1241525,29.7
Consumer Staples,WMT,Walmart,Mega,Mass retail,825.25,104.99,37.88,2.7,1.24,95.42,135.16,16004281,29072671,55
Consumer Staples,COST,Costco,Large,Membership wholesale retail,420.3,969.24,48.64,19.72,2.27,844.06,1096.5,651396,2345867,27.8
Consumer Staples,KO,Coca-Cola,Large,Soft drinks,391.96,92.08,27.62,3.13,1.08,65.35,92.49,4946703,17752143,27.9
Consumer Staples,PG,Procter & Gamble,Large,Household/personal care,343.93,146.07,22.05,6.94,0.96,137.62,167.25,2025083,9281117,21.8
Consumer Staples,PM,Philip Morris International,Large,Tobacco,293.38,192.47,27.67,7.81,2.26,142.11,207.76,1200074,5039285,23.8
Consumer Staples,PEP,PepsiCo,Large,Beverages + snacks,195.99,145.24,19.03,8.36,1.23,133.73,171.48,1826669,8636009,21.2
Consumer Staples,MDLZ,Mondelez International,Mid,Packaged snacks/confectionery,82.26,65.41,24.13,2.85,1.49,51.2,66.65,1945839,9015722,21.6
Consumer Staples,STZ,Constellation Brands,Mid,Alcohol beverages,23.17,138.19,13.18,12.02,1.86,126.45,168.6,842399,2177919,38.7
Consumer Staples,CALM,Cal-Maine Foods,Micro,Eggs/agri-food,3.88,86.33,13.18,6.55,4.26,71.92,117.45,396179,882275,44.9
Consumer Staples,FIZZ,National Beverage,Micro,Sparkling water/beverage,3.03,33.01,16.81,1.96,1.98,30.01,46.58,107398,470698,22.8
Energy,XOM,ExxonMobil,Mega,Integrated major,684.29,162.37,20.92,8.27,-1.66,108.35,176.41,2701899,15852782,17
Energy,CVX,Chevron,Mega,Integrated major,408.76,202.04,19.39,10.84,-1.57,146.49,214.71,1742927,8695787,20
Energy,COP,ConocoPhillips,Large,E&P,164.31,133.29,17.67,7.76,-1.17,85.57,135.88,1931663,7223103,26.7
Energy,VLO,Valero Energy,Large,Refining,100.45,344.22,14.27,24.24,-1.33,144.3,353,475644,2888309,16.5
Energy,WMB,Williams Companies,Large,Midstream/pipelines,86.22,70.53,27.98,2.27,0.05,56.09,80.08,1851086,6942814,26.7
Energy,SLB,SLB,Large,Oilfield services,79.95,52.91,25.81,2.73,-1.79,31.64,58.82,2805821,13627146,20.6
Energy,LNG,Cheniere Energy,Large,LNG export,58.15,278.26,20.73,1.83,0.27,186.2,300.89,376468,1960740,19.2
Energy,CCJ,Cameco,Mid,Uranium/nuclear fuel,44.65,101.95,172.44,1.26,-0.54,73.2,135.24,1092340,3350709,32.6
Energy,FSLR,First Solar,Mid,Solar manufacturing,23.03,211.61,13.03,15.48,-1.25,182.99,320.95,568668,2422527,23.5
Energy,SM,SM Energy,Micro,Small-cap E&P,8.92,35.84,9.3,5.9,-3.67,17.45,38.25,998881,3847443,26
Financials,JPM,JPMorgan Chase,Mega,Money-center bank,942.06,356.44,15.36,23.23,1.38,279.1,366.5,1541170,8831614,17.5
Financials,V,Visa,Mega,Payments network,692.75,381.62,32.42,12.44,2.85,293.89,381.94,2960214,8139185,36.4
Financials,MA,Mastercard,Mega,Payments network,509.23,597.15,32.86,17.89,2.85,464.52,601.62,1422086,3523451,40.4
Financials,GS,Goldman Sachs,Large,Investment bank,306.59,1034.17,15.97,64.79,-0.49,721.16,1153.99,588223,2146900,27.4
Financials,SCHW,Charles Schwab,Large,Brokerage,195.31,113.45,20.63,5.75,1.03,83.96,114.53,2053775,9922948,20.7
Financials,BLK,BlackRock,Large,Asset management,179.26,1171.31,27.96,51.15,1.28,917.39,1219.94,113170,760422,14.9
Financials,PGR,Progressive,Large,Insurance,127.49,223.41,11.2,18.17,1.88,189.2,249.83,469879,3221290,14.6
Financials,COIN,Coinbase,Mid,Crypto exchange/infrastructure,49.2,185.15,-48.23,-2.42,-0.72,139.11,402.16,6842465,9920267,69
Financials,SOFI,SoFi Technologies,Mid,Neobank/fintech,24.26,18.61,38.73,0.44,-1.61,14.88,32.73,15769748,77242433,20.4
Financials,UPST,Upstart Holdings,Micro,AI-driven lending,2.9,29.93,58.45,1.07,-1.23,23.96,76.95,1330424,4511000,29.5
Healthcare,LLY,Eli Lilly,Mega,Pharma (GLP-1),1181.67,1242.03,41.65,31.49,-1.06,694.23,1292.65,601495,2974848,20.2
Healthcare,JNJ,Johnson & Johnson,Mega,Diversified pharma/devices,651.25,273.71,31.72,10.73,1.28,173.33,276.47,2006905,8022741,25
Healthcare,UNH,UnitedHealth,Large,Managed care/health insurance,354.28,396.03,25.43,18.64,1.52,255.97,461.62,1454232,5850480,24.9
Healthcare,TMO,Thermo Fisher Scientific,Large,Life sciences tools,233.85,620.52,33.39,23.16,-1.39,435.27,643.99,608045,2207661,27.5
Healthcare,VRTX,Vertex Pharmaceuticals,Large,Biotech (cystic fibrosis),139.1,547.81,31.89,19.03,-0.04,374.17,555.32,176833,1545498,11.4
Healthcare,ISRG,Intuitive Surgical,Large,Robotic surgery devices,133.83,376.73,42.8,9.62,-0.55,328.57,603.88,509471,3146475,16.2
Healthcare,REGN,Regeneron,Mid,Biotech (immunology/eye),85.92,826.62,20.42,45.63,-0.89,541,847,131309,939335,14
Healthcare,HIMS,Hims & Hers Health,Micro,Digital health/telehealth,7.54,30.93,-49.39,-0.64,-8.45,13.74,65.3,6653657,16222943,41
Healthcare,CRSP,CRISPR Therapeutics,Micro,Gene editing,5.74,57.32,-12.03,-4.76,-3.67,44.12,78.48,576411,1690288,34.1
Healthcare,BLFS,BioLife Solutions,Micro,Biopreservation tools,1.81,37.19,36.37,-0.21,0.24,17.86,38.1,292539,1091217,26.8
Industrials,SPCX,SpaceX,Mega,Space launch/satellites,1791,136.21,-88.71,-1.28,-0.55,104.83,225.64,38200166,119404534,32
Industrials,CAT,Caterpillar,Mega,Construction/mining machinery,381.36,810.87,34.87,23.82,-2.06,410.52,1073.46,921595,3285825,28
Industrials,GE,GE Aerospace,Mega,Aircraft engines,361.46,341.77,40.32,6.75,-1.89,266.56,388.84,954444,4433832,21.5
Industrials,DE,Deere & Company,Large,Agricultural machinery,174.78,654.91,36.42,17.65,1.15,433,674.19,534030,1295024,41.2
Industrials,ETN,Eaton Corporation,Large,Electrical equipment,162.78,410.94,41.75,12.16,-1.97,311.92,478,464076,2351420,19.7
Industrials,LMT,Lockheed Martin,Large,Defense prime,130.07,566.02,20.86,26.48,0.43,437.25,692,325402,1231224,26.4
Industrials,CSX,CSX Corporation,Mid,Freight rail,95.57,51.51,29.77,1.8,-0.16,31.8,53.6,2993416,12516380,23.9
Industrials,HON,Honeywell,Mid,Industrial conglomerate,68.43,215.32,8.36,15.49,-0.27,195.87,260.28,808977,4419203,18.3
Industrials,RKLB,Rocket Lab USA,Mid,Launch vehicles/satellites,42.01,69.11,-250.45,-0.2,-4.77,37.57,151,7513977,23589006,31.9
Industrials,MOD,Modine Manufacturing,Micro,Thermal management/HVAC,10.5,188.23,70.81,5.02,-4.78,111.18,323.25,562997,1616483,34.8
Materials,LIN,Linde,Mega,Industrial gases,225.91,485.64,31.4,16.83,-0.39,387.78,548.2,761211,2331725,32.6
Materials,NEM,Newmont,Large,Gold mining,138,130.3,16.39,8.56,-0.97,70.88,134.88,3208452,8215316,39.1
Materials,FCX,Freeport-McMoRan,Large,Copper mining,110.92,76.89,37.64,2.22,0.3,35.15,78.88,9910358,14366101,69
Materials,SHW,Sherwin-Williams,Mid,Paint/specialty chemicals,84.21,346.77,31.95,11.55,0.05,289.86,377.77,388190,2291367,16.9
Materials,ECL,Ecolab,Mid,Water treatment chemicals,80.67,286.59,38.46,7.74,1.76,243.15,309.27,463074,1546754,29.9
Materials,NUE,Nucor,Mid,Steel,56.61,248.29,19.79,12.43,1.91,131.32,280.11,579385,1634558,35.4
Materials,MLM,Martin Marietta Materials,Mid,Aggregates/construction materials,32,532.54,13.08,17.18,-0.44,522.19,710.97,170038,606595,28
Materials,ALB,Albemarle,Micro,Lithium,16.78,141.73,-4723.83,5.98,-1.06,71.25,221,796109,2336538,34.1
Materials,MP,MP Materials,Micro,Rare earths,10.09,57.47,-167.44,-0.11,-4.3,37.81,100.25,4307325,6046059,71.2
Materials,SSD,Simpson Manufacturing,Micro,Structural building connectors,7.79,189.02,20.65,9.15,0.13,156.32,213.49,52702,306485,17.2
Real Estate,WELL,Welltower,Large,Healthcare/senior living,172.55,239.85,126.98,4.77,0.26,163.75,255.2,413645,3400941,12.2
Real Estate,PLD,Prologis,Large,Industrial/logistics,132.59,142.59,31.74,4.49,0.55,110.51,153.35,777909,4373429,17.8
Real Estate,EQIX,Equinix,Large,Data centers,103.24,1046.56,67.43,15.54,-1.77,720.62,1128.68,200066,609038,32.8
Real Estate,AMT,American Tower,Mid,Cell towers,82.87,178.61,24.57,7.27,1.6,160.06,211.92,485236,3120961,15.5
Real Estate,SPG,Simon Property Group,Mid,Retail malls,71.03,219.32,15.51,14.18,0.47,172.19,238.5,230081,1900112,12.1
Real Estate,PSA,Public Storage,Mid,Self-storage,59.73,321.52,30.68,10.49,-0.3,256.54,335.55,110922,1027777,10.8
Real Estate,O,Realty Income,Mid,Net lease/diversified,58.6,63.06,46.01,1.41,0.73,55.86,67.94,1230940,5921180,20.8
Real Estate,VICI,VICI Properties,Mid,Gaming/experiential,29.45,26.8,10.39,2.58,1.09,25.81,33.91,1919727,9762898,19.7
Real Estate,AVB,AvalonBay Communities,Mid,Residential apartments,26.28,184.06,25.35,7.36,0,160.1,198.63,2468994,1076458,229.4
Real Estate,UMH,UMH Properties,Micro,Manufactured housing,1.41,16.54,91.94,0.57,0.18,13.93,16.74,136112,630875,21.6
Technology,NVDA,NVIDIA,Mega,AI/GPU silicon,5200.73,210.34,32.23,5.84,-2.04,164.07,236.54,58095113,140182203,41.4
Technology,GOOGL,Alphabet,Mega,Cloud/search/AI platform,4173.05,350.71,17.62,19.91,1.71,205.28,408.61,11422148,32139572,35.5
Technology,TSM,Taiwan Semiconductor,Mega,Foundry,2172.88,409.97,27.53,13.81,-2.14,225.63,479,5754513,13613580,42.3
Technology,AMD,Advanced Micro Devices,Large,AI/GPU silicon challenger,771.68,459.26,117.76,5.76,-2.96,149.22,584.73,7519130,28740575,26.2
Technology,PLTR,Palantir Technologies,Large,Government/enterprise AI-data analytics,413.15,177.07,150.31,1.2,-1.59,106.37,207.52,13496727,43441345,31.1
Technology,CRWD,CrowdStrike,Large,Cybersecurity,195.45,190.22,-4008.63,1.03,-0.9,85.68,227.5,2863342,10668737,26.8
Technology,DDOG,Datadog,Mid,Cloud observability/monitoring,83.87,228.67,463.85,2.39,-2.95,98.01,292.72,722031,5168766,14
Technology,RGTI,Rigetti Computing,Micro,Quantum computing,5.95,16.68,-18.59,-0.15,-6.88,12.53,58.15,9495505,31572991,30.1
Technology,SOUN,SoundHound AI,Micro,Speculative AI voice,3.19,7.08,-21.32,-0.05,-3.28,5.65,22.17,8097098,30916212,26.2
Technology,INOD,Innodata,Micro,AI data engineering,2.1,58.1,44.05,1.11,-9.52,34.23,125.14,1000047,1435888,69.6
Utilities,NEE,NextEra Energy,Large,Diversified regulated + renewables,174.17,83.88,18.8,3.8,0.27,69.24,98.75,2771133,11468380,24.2
Utilities,CEG,Constellation Energy,Mid,Nuclear pure-play,97.32,272.79,26.5,10.63,-0.03,228.63,412.7,736811,3459514,21.3
Utilities,D,Dominion Energy,Mid,Regulated utility (data-center corridor),58.46,66.67,23.14,3.44,0.11,55.85,72.99,1625804,5538350,29.4
Utilities,SRE,Sempra,Mid,LNG export + regulated utility,54.55,83.69,24.25,5.06,0.96,78.97,101.04,650590,3877704,16.8
Utilities,XEL,Xcel Energy,Mid,Regulated utility (wind-heavy),47.71,76.66,20.88,3.86,0.47,71.29,84.23,1227758,5523070,22.2
Utilities,VST,Vistra,Mid,Independent power producer,45.81,136.54,23,5.97,0.24,132.66,219.82,2201640,4460053,49.4
Utilities,ATO,Atmos Energy,Mid,Natural gas distribution,27.7,166.84,19.86,8.41,-0.01,160.1,192.51,173813,1354985,12.8
Utilities,AWK,American Water Works,Mid,Water utility,27.5,139.16,24.09,5.67,2.78,120.57,146.29,618144,2328072,26.6
Utilities,OKLO,Oklo Inc.,Micro,SMR nuclear (speculative),6.93,40.28,-42.4,-0.94,-4.3,36.61,193.84,3841836,10784417,35.6
Utilities,ORA,Ormat Technologies,Micro,Geothermal renewable,6.44,104.73,51.72,2.88,-3.36,89.08,146.39,261350,867830,30.1
